<?xml version="1.0" encoding="utf-8"?>
<odoo>
    <!-- Security Groups -->
    <record id="group_access_request_user" model="res.groups">
        <field name="name">Access Request User</field>
        <field name="category_id" ref="base.module_category_administration"/>
        <field name="comment">Can create and view own access requests</field>
    </record>
    
    <record id="group_access_request_admin" model="res.groups">
        <field name="name">Access Request Administrator</field>
        <field name="category_id" ref="base.module_category_administration"/>
        <field name="implied_ids" eval="[(4, ref('permission_request.group_access_request_user'))]"/>
        <field name="comment">Can approve/reject access requests and manage the system</field>
    </record>
    
    <!-- Add all users to the user group by default -->
    <record id="base.group_user" model="res.groups">
        <field name="implied_ids" eval="[(4, ref('permission_request.group_access_request_user'))]"/>
    </record>
    
    <!-- Record Rules -->
    <record id="access_request_user_rule" model="ir.rule">
        <field name="name">Access Request: User can see own requests</field>
        <field name="model_id" ref="model_access_request"/>
        <field name="domain_force">[('user_id', '=', user.id)]</field>
        <field name="groups" eval="[(4, ref('permission_request.group_access_request_user'))]"/>
        <field name="perm_read" eval="True"/>
        <field name="perm_write" eval="True"/>
        <field name="perm_create" eval="True"/>
        <field name="perm_unlink" eval="False"/>
    </record>
    
    <record id="access_request_admin_rule" model="ir.rule">
        <field name="name">Access Request: Admin can see all requests</field>
        <field name="model_id" ref="model_access_request"/>
        <field name="domain_force">[(1, '=', 1)]</field>
        <field name="groups" eval="[(4, ref('permission_request.group_access_request_admin'))]"/>
        <field name="perm_read" eval="True"/>
        <field name="perm_write" eval="True"/>
        <field name="perm_create" eval="True"/>
        <field name="perm_unlink" eval="True"/>
    </record>
    
    <!-- Cron Job for cleanup -->
    <record id="cron_cleanup_expired_requests" model="ir.cron">
        <field name="name">Cleanup Expired Access Requests</field>
        <field name="model_id" ref="model_access_request"/>
        <field name="state">code</field>
        <field name="code">model.cleanup_expired_requests()</field>
        <field name="interval_number">1</field>
        <field name="interval_type">days</field>
        <field name="active">True</field>
    </record>
</odoo>
